jan_code,name
4979874466846,組ねじ 4.5×10 ［20本 (4本×5セット)］ #ネジ 八幡ねじ YAHATA DIY 通販
4979874466846,八幡ねじ　組ねじ　4.5×10mm
4979874466846,YAHATA　組ねじ 
4979874453792,八幡ねじ　ステントラスタッピング　3×8mm
4979874453792,ステントラスタッピング 3×12 1セット(14個×5パック入) 取り寄せ商品
4979874453792,ステンレス十字穴付きトラスタッピング 3×12mm
4979874220462,八幡ねじ　中空用アンカー　4S　よーと
4979874220462,中空用アンカー ﾁｭｳｸｳﾖｳｱﾝｶｰ | 八幡ねじ
4979874220462,中空用アンカー(4コ入) ヨート4S
4903320162143,S字フック ステンレス 大 6個入
4903320162143,レック　S字フックステンレス（大）　H00505　6個入
4903320162143,レック S字フックステンレス（大） 耐荷重9kg H00505 1パック（6個）